company,evidence_type,evidence_link,contact_route,notes
Shiftsmart,public issue,https://github.com/pgvector/pgvector/issues/916,reply in the thread they opened,"Ian Myers. 3M vectors with a recency filter; LIMIT 5 costs 1885ms and LIMIT 40 costs 235ms on the same filter. Exactly the crossover this benchmark pins."
Tongcheng Travel,public issue,https://github.com/pgvector/pgvector/issues/785,reply in the thread they opened,"John Chen. Re-opened #719 to say iterative_scan + scan_mem_multiplier + max_scan_tuples only partially mitigate and cost performance. That is this repo's finding, stated by a user 18 months earlier."
transact.digital GmbH,public issue,https://github.com/pgvector/pgvector/issues/816,reply in the thread they opened,"Mahdi Manesh. 15M records, 90GB HNSW index on Aurora Serverless V2 with 512GB available, index not used. Spend is already large."
Synopsis,public issue,https://github.com/pgvector/pgvector/issues/721,reply in the thread they opened,"Rahul Somani. Planner abandons HNSW when WHERE matches more rows; btree indexes already on both filter columns. The crossover section answers this directly."
SensorUp,public issue,https://github.com/pgvector/pgvector/issues/703,reply in the thread they opened,"King Chung Huang. 1.6M rows, planner always picks seq scan, ~75s. Geospatial IoT, filters are inherent to the product."
LangChain,public issue,https://github.com/pgvector/pgvector/issues/722,reply in the thread they opened,"William Fu-Hinthorn. Asked whether 0.8.0 iterative scan covers non-equivalence filters. Not a consulting buyer but the highest-leverage distribution contact in the list."
Clarvo,public blog,https://www.clarvo.ai/blog/optimizing-filtered-vector-queries-from-tens-of-seconds-to-single-digit-milliseconds-in-postgresql,contact form on their site,"Recruitment platform. Published their own writeup: query times rose linearly with profile count, complex queries timed out. Already paid the cost of solving it once."
Deutsche Bank,public issue,https://github.com/pgvector/pgvector/issues/1001,reply in the thread they opened,"Varad Thokal. Built a hypothetical-index prototype because pgvector's cost function needs a physical index. Adjacent to the cost-model blind spot this repo documents, not the same pain."
Solothurner Filmtage,public issue,https://github.com/pgvector/pgvector/issues/850,reply in the thread they opened,"Benno Meyer. LIMIT interfering with distance ordering. Small organisation, low budget expectation."
